isfraud,numdayopen,value,tranid,userid,last4dig,dayind,bankid,international
0.0,13.0,741.8089492600731,42098.0,29.0,3286.0,6.0,1.0,0.0
1.0,17.0,30.767422218632273,38657.0,30.0,9279.0,5.0,1.0,0.0
1.0,113.0,449.75983723756974,46463.0,1.0,3615.0,6.0,4.0,1.0
1.0,80.0,216.0984483454812,54118.0,14.0,2519.0,4.0,1.0,1.0
1.0,310.0,265.25634635479105,15695.0,94.0,8527.0,5.0,1.0,1.0
0.0,283.0,293.8851031256858,92397.0,80.0,6925.0,5.0,2.0,0.0
0.0,339.0,228.6703773758953,47930.0,11.0,4814.0,7.0,1.0,1.0
1.0,233.0,636.0487598201357,57819.0,21.0,7065.0,3.0,2.0,1.0
0.0,312.0,635.3433099088631,80010.0,94.0,5010.0,2.0,4.0,1.0
1.0,328.0,688.4737964748799,38785.0,88.0,6313.0,7.0,1.0,0.0
0.0,162.0,401.7636222353066,18675.0,28.0,6155.0,2.0,6.0,1.0
1.0,330.0,459.3930007348114,44718.0,18.0,5040.0,6.0,5.0,1.0
1.0,299.0,400.00110463525687,38746.0,18.0,9348.0,4.0,1.0,0.0
0.0,79.0,627.8185956613869,99192.0,55.0,2040.0,4.0,4.0,1.0
1.0,284.0,860.9189225322635,11504.0,88.0,2876.0,6.0,5.0,1.0
1.0,58.0,294.2066285187787,30730.0,59.0,1053.0,6.0,6.0,1.0
0.0,260.0,912.7152115054757,91959.0,39.0,9317.0,5.0,2.0,0.0
1.0,83.0,539.8396510895061,79514.0,1.0,6310.0,4.0,1.0,0.0
1.0,158.0,240.21285802772076,41571.0,73.0,2290.0,1.0,6.0,1.0
0.0,273.0,766.0685948776808,26828.0,85.0,8787.0,5.0,2.0,1.0
1.0,109.0,928.9845795091746,36365.0,92.0,6107.0,4.0,6.0,1.0
1.0,265.0,452.0346552497386,42493.0,29.0,2049.0,3.0,1.0,0.0
0.0,4.0,71.9220929230235,92719.0,8.0,4750.0,1.0,1.0,1.0
0.0,264.0,238.7666297346262,97684.0,63.0,4510.0,5.0,2.0,1.0
0.0,243.0,807.6895007688768,34957.0,13.0,2588.0,6.0,4.0,1.0
1.0,211.0,467.5576433686383,17100.0,87.0,2612.0,1.0,4.0,1.0
0.0,128.0,192.39848206951237,80292.0,58.0,3296.0,4.0,2.0,1.0
1.0,128.0,874.6114681165094,19880.0,57.0,2604.0,1.0,6.0,0.0
0.0,122.0,167.1447994933101,73653.0,62.0,4502.0,7.0,4.0,0.0
0.0,195.0,3.1532229730750028,61173.0,34.0,8454.0,3.0,4.0,1.0
0.0,98.0,297.41111766906965,17665.0,75.0,9883.0,1.0,6.0,1.0
0.0,26.0,584.5934168645123,75909.0,68.0,3579.0,1.0,5.0,0.0
0.0,36.0,595.4400713435776,98501.0,31.0,7615.0,1.0,5.0,0.0
0.0,318.0,82.9014220893806,96163.0,75.0,9565.0,3.0,3.0,0.0
1.0,123.0,266.34889801882247,27154.0,86.0,5915.0,4.0,3.0,0.0
0.0,235.0,621.5380962375997,83792.0,13.0,2200.0,5.0,2.0,1.0
0.0,179.0,880.9833095127531,42018.0,48.0,5669.0,2.0,4.0,1.0
0.0,342.0,817.2870309803462,49240.0,85.0,2697.0,2.0,3.0,0.0
0.0,284.0,156.29246186521547,46930.0,78.0,4450.0,6.0,3.0,0.0
1.0,259.0,489.0433202972272,16658.0,12.0,7939.0,7.0,3.0,0.0
0.0,171.0,771.3481037966075,93507.0,34.0,3647.0,6.0,4.0,1.0
0.0,58.0,76.16861621369328,29536.0,70.0,1590.0,7.0,3.0,0.0
1.0,66.0,42.787029310688986,57795.0,6.0,6862.0,2.0,6.0,0.0
0.0,182.0,780.3361256295713,63264.0,80.0,3532.0,2.0,2.0,0.0
1.0,13.0,180.1813027547888,53540.0,53.0,5065.0,3.0,2.0,0.0
1.0,20.0,858.7346580864438,39154.0,26.0,8541.0,3.0,3.0,0.0
0.0,13.0,660.3731495658803,62227.0,43.0,5564.0,7.0,1.0,1.0
1.0,329.0,509.89626985250936,99065.0,69.0,6425.0,1.0,1.0,1.0
0.0,298.0,962.5717814457939,44795.0,5.0,2776.0,5.0,4.0,1.0
1.0,224.0,606.6026444528371,77033.0,15.0,7311.0,5.0,2.0,1.0
0.0,363.0,436.6214579395173,78146.0,69.0,4228.0,3.0,4.0,0.0
1.0,320.0,314.6017294133013,26334.0,93.0,5920.0,5.0,3.0,1.0
1.0,207.0,697.5112057802047,82667.0,17.0,4143.0,4.0,6.0,1.0
0.0,316.0,569.5361496109435,63225.0,71.0,1006.0,3.0,3.0,0.0
1.0,297.0,607.0549089092829,52237.0,60.0,8238.0,4.0,6.0,0.0
1.0,87.0,659.1918942534234,47196.0,66.0,6491.0,1.0,2.0,1.0
0.0,102.0,148.20660828352692,16057.0,32.0,8784.0,5.0,1.0,1.0
1.0,323.0,576.0952285099088,60328.0,64.0,7547.0,2.0,2.0,0.0
0.0,218.0,219.6222956755071,77889.0,60.0,1822.0,5.0,2.0,0.0
1.0,69.0,801.6151851205423,97500.0,68.0,6198.0,7.0,4.0,1.0
1.0,82.0,743.9117867174253,72216.0,58.0,5246.0,7.0,2.0,1.0
1.0,321.0,240.00661795081822,67654.0,10.0,5681.0,2.0,3.0,1.0
1.0,277.0,81.49708000001078,29769.0,30.0,7275.0,6.0,2.0,0.0
0.0,213.0,408.19177029692014,81121.0,60.0,7812.0,1.0,2.0,1.0
1.0,300.0,946.1159715565104,12560.0,98.0,7232.0,4.0,1.0,1.0
1.0,200.0,853.5945026185356,64921.0,69.0,9947.0,7.0,5.0,0.0
1.0,113.0,273.66237645149334,73654.0,4.0,7371.0,3.0,6.0,1.0
0.0,240.0,919.622079048307,91560.0,69.0,1441.0,4.0,5.0,0.0
0.0,330.0,429.18415689143376,70515.0,24.0,1823.0,3.0,4.0,1.0
0.0,233.0,327.5189590764272,59692.0,36.0,7906.0,3.0,1.0,1.0
0.0,277.0,53.03352263501222,55870.0,29.0,2124.0,7.0,6.0,0.0
0.0,127.0,200.16132168017037,12671.0,80.0,3496.0,2.0,2.0,1.0
0.0,289.0,947.8092651944352,70952.0,90.0,5198.0,7.0,3.0,0.0
0.0,84.0,964.7560522610536,24168.0,75.0,1420.0,3.0,5.0,1.0
1.0,102.0,76.9204813652169,92213.0,32.0,2669.0,6.0,3.0,0.0
0.0,178.0,533.2125000651897,96706.0,48.0,2129.0,5.0,6.0,1.0
0.0,216.0,822.5085871719681,23833.0,56.0,6934.0,6.0,4.0,0.0
1.0,91.0,734.0615087093785,95256.0,35.0,9817.0,7.0,4.0,1.0
1.0,304.0,269.1271425111761,42177.0,12.0,5569.0,4.0,2.0,1.0
1.0,173.0,29.67129777231949,52600.0,24.0,8988.0,2.0,3.0,1.0
1.0,144.0,880.4396597784672,46211.0,72.0,1166.0,5.0,2.0,0.0
0.0,209.0,489.0892690019386,41499.0,89.0,8800.0,6.0,6.0,1.0
1.0,9.0,93.96029720411701,39045.0,52.0,4986.0,3.0,6.0,1.0
1.0,284.0,531.391009214622,65771.0,96.0,6419.0,3.0,6.0,1.0
1.0,157.0,252.15227252474057,25814.0,93.0,4155.0,3.0,1.0,0.0
0.0,111.0,738.8660488554417,46241.0,93.0,9595.0,5.0,3.0,0.0
0.0,152.0,228.25568031907216,33519.0,39.0,1231.0,6.0,5.0,0.0
1.0,24.0,974.3206361716352,82529.0,38.0,3068.0,6.0,4.0,0.0
0.0,294.0,285.0549878100122,72746.0,57.0,6582.0,2.0,1.0,1.0
1.0,59.0,822.2935296541309,62521.0,63.0,2213.0,5.0,6.0,0.0
0.0,77.0,811.3309341987725,49824.0,11.0,5066.0,1.0,5.0,1.0
0.0,268.0,380.9976481204028,68028.0,39.0,8025.0,3.0,5.0,0.0
0.0,107.0,625.8895153761965,44687.0,85.0,2330.0,2.0,2.0,0.0
0.0,81.0,3.673046880282847,69048.0,89.0,8699.0,3.0,1.0,0.0
1.0,362.0,283.43565473917545,69510.0,10.0,4824.0,3.0,6.0,0.0
1.0,59.0,545.0178163318681,94886.0,20.0,5352.0,7.0,2.0,0.0
0.0,85.0,792.8359376661792,87993.0,96.0,5728.0,4.0,1.0,1.0
1.0,359.0,403.10601064364283,45683.0,65.0,9847.0,4.0,4.0,0.0
0.0,222.0,734.7993893623296,89129.0,33.0,1423.0,1.0,2.0,0.0
1.0,296.0,41.191441471471556,32962.0,61.0,9502.0,6.0,4.0,1.0
0.0,300.0,436.44910208992604,74451.0,12.0,8700.0,3.0,4.0,1.0
1.0,344.0,105.49528469797487,31079.0,43.0,7744.0,6.0,4.0,1.0
1.0,282.0,37.660433183394986,21542.0,41.0,5135.0,3.0,1.0,1.0
0.0,337.0,869.4981168363317,70552.0,53.0,1888.0,2.0,5.0,1.0
1.0,321.0,442.59891476653917,16764.0,27.0,5375.0,5.0,2.0,1.0
1.0,358.0,485.2270851530481,13783.0,81.0,4920.0,6.0,2.0,1.0
0.0,283.0,408.5826966026126,39451.0,15.0,8560.0,1.0,6.0,0.0
1.0,150.0,509.3631430544422,45838.0,54.0,8905.0,4.0,2.0,1.0
0.0,197.0,191.4197605769804,88561.0,66.0,3236.0,7.0,1.0,1.0
1.0,175.0,934.3141452888376,76550.0,35.0,1042.0,3.0,6.0,1.0
1.0,77.0,447.10084565015126,73483.0,45.0,6446.0,5.0,5.0,1.0
1.0,165.0,869.7320815508344,41300.0,74.0,7274.0,2.0,4.0,0.0
1.0,243.0,705.5226531439775,59968.0,50.0,3492.0,4.0,1.0,0.0
1.0,52.0,874.316183680254,67711.0,13.0,9617.0,4.0,1.0,0.0
1.0,336.0,969.9868372470652,19807.0,61.0,5342.0,3.0,5.0,1.0
0.0,169.0,852.4889952293272,79942.0,49.0,6188.0,6.0,6.0,1.0
0.0,317.0,69.3523264343699,92727.0,88.0,5708.0,2.0,6.0,0.0
1.0,51.0,760.6093233012712,23173.0,57.0,3725.0,6.0,3.0,0.0
0.0,167.0,796.3473216970496,48452.0,46.0,7141.0,4.0,2.0,0.0
1.0,290.0,682.1185709813755,33600.0,22.0,3868.0,1.0,5.0,1.0
0.0,255.0,912.9161870075312,28758.0,30.0,8555.0,6.0,3.0,1.0
1.0,342.0,10.38803402341617,70981.0,37.0,9955.0,2.0,1.0,1.0
1.0,301.0,299.85509487464844,65615.0,89.0,5097.0,4.0,3.0,0.0
1.0,248.0,107.54661415493855,59986.0,74.0,6881.0,5.0,3.0,1.0
0.0,338.0,396.409935170456,11061.0,73.0,1803.0,5.0,6.0,1.0
1.0,118.0,607.4579331661017,56179.0,29.0,4115.0,5.0,3.0,0.0
0.0,322.0,646.6942682816323,50492.0,57.0,1546.0,5.0,3.0,0.0
0.0,152.0,327.3924065882964,64460.0,23.0,4289.0,2.0,5.0,1.0
1.0,85.0,257.713114478699,73156.0,38.0,6549.0,7.0,1.0,1.0
0.0,73.0,754.3973415682741,39571.0,87.0,7511.0,7.0,5.0,1.0
0.0,203.0,14.904736445800276,80329.0,16.0,8451.0,3.0,6.0,1.0
1.0,327.0,940.3515998877747,24201.0,87.0,4830.0,4.0,1.0,1.0
0.0,332.0,64.15382411903525,70852.0,90.0,5951.0,6.0,4.0,0.0
0.0,24.0,946.3152713490643,49893.0,64.0,2902.0,1.0,2.0,0.0
1.0,233.0,371.64050397139584,80804.0,54.0,3531.0,4.0,6.0,0.0
1.0,316.0,408.7077698120028,46666.0,5.0,7070.0,2.0,4.0,1.0
0.0,186.0,100.25526998152418,99873.0,48.0,9920.0,6.0,3.0,0.0
1.0,142.0,190.61875359891846,26011.0,59.0,2501.0,6.0,2.0,0.0
0.0,171.0,244.3253282668596,26505.0,73.0,4362.0,1.0,5.0,0.0
0.0,120.0,329.2309938787982,29340.0,77.0,1046.0,3.0,2.0,0.0
1.0,90.0,110.81642154154612,13379.0,17.0,1243.0,3.0,2.0,1.0
0.0,90.0,266.1021408166484,26614.0,95.0,7897.0,5.0,1.0,0.0
1.0,230.0,778.2390222748885,77271.0,76.0,2786.0,4.0,5.0,0.0
0.0,338.0,521.929763498371,70036.0,83.0,1510.0,1.0,4.0,1.0
1.0,352.0,108.85386784954795,68138.0,10.0,2323.0,3.0,5.0,0.0
0.0,65.0,275.7409835583952,92978.0,75.0,9984.0,6.0,3.0,1.0
1.0,233.0,506.0455234111947,66387.0,13.0,2874.0,7.0,6.0,0.0
1.0,232.0,888.2029309665045,64239.0,44.0,8430.0,4.0,4.0,0.0
1.0,219.0,313.21104757072595,43408.0,48.0,3500.0,6.0,4.0,0.0
0.0,44.0,94.13687160197372,22656.0,96.0,7105.0,7.0,2.0,0.0
1.0,344.0,123.10905406920473,56346.0,86.0,7929.0,7.0,6.0,0.0
1.0,308.0,313.1364501885663,23579.0,74.0,9313.0,2.0,2.0,1.0
0.0,56.0,350.76388022696995,82910.0,48.0,2882.0,7.0,3.0,0.0
1.0,288.0,974.5720555235825,91490.0,79.0,1430.0,5.0,6.0,1.0
0.0,93.0,273.9971183240121,50499.0,44.0,6751.0,1.0,2.0,0.0
1.0,36.0,142.73277949711738,92991.0,4.0,2503.0,6.0,5.0,0.0
1.0,215.0,454.19214488234434,30631.0,48.0,6105.0,6.0,3.0,0.0
0.0,80.0,158.25248721004598,90981.0,7.0,2336.0,3.0,4.0,1.0
1.0,311.0,442.60214251108135,45804.0,28.0,9394.0,1.0,3.0,1.0
0.0,146.0,678.5396750406009,87743.0,63.0,9633.0,6.0,3.0,0.0
0.0,203.0,984.4612126627984,17180.0,1.0,4349.0,3.0,2.0,0.0
1.0,149.0,328.79423358190326,11013.0,64.0,8055.0,2.0,2.0,1.0
0.0,257.0,559.164844107038,97562.0,46.0,2180.0,4.0,6.0,0.0
1.0,10.0,460.29449610591877,20205.0,41.0,8033.0,5.0,4.0,1.0
1.0,59.0,405.62727475788955,52568.0,22.0,8538.0,7.0,6.0,1.0
0.0,224.0,844.6398754548823,41891.0,56.0,7560.0,5.0,1.0,1.0
1.0,174.0,222.35048683535712,32037.0,10.0,9363.0,6.0,1.0,0.0
1.0,180.0,727.6517265682304,94599.0,19.0,4871.0,1.0,2.0,1.0
0.0,89.0,602.7965862878926,95918.0,10.0,3902.0,7.0,6.0,1.0
1.0,289.0,760.1172724581406,68838.0,88.0,6295.0,7.0,6.0,1.0
0.0,226.0,69.21797223726034,67961.0,81.0,5961.0,7.0,3.0,0.0
1.0,260.0,75.11646551711439,70521.0,58.0,1616.0,1.0,3.0,1.0
0.0,331.0,864.3857838913138,21835.0,79.0,9307.0,4.0,4.0,0.0
1.0,293.0,652.1856171939612,52143.0,78.0,8792.0,5.0,2.0,0.0
1.0,53.0,811.1558445112981,55015.0,92.0,2381.0,5.0,6.0,0.0
0.0,127.0,707.9140826189556,67595.0,68.0,9564.0,5.0,2.0,1.0
1.0,145.0,388.0291429635928,54350.0,87.0,1857.0,7.0,6.0,1.0
0.0,169.0,95.41144156757925,98916.0,50.0,5655.0,3.0,6.0,0.0
1.0,42.0,583.1567750718332,28537.0,45.0,6082.0,6.0,6.0,1.0
0.0,305.0,709.1251803566828,21104.0,40.0,7171.0,6.0,3.0,0.0
0.0,331.0,670.7855840398591,76648.0,47.0,1298.0,3.0,3.0,0.0
0.0,175.0,947.7205992668125,73736.0,25.0,4711.0,2.0,2.0,0.0
1.0,52.0,508.1820230119216,80748.0,95.0,9626.0,1.0,6.0,1.0
0.0,306.0,377.34315095170217,31266.0,24.0,3712.0,6.0,4.0,0.0
1.0,187.0,676.6865592663444,41133.0,57.0,5668.0,7.0,6.0,1.0
0.0,274.0,239.92932874827395,71474.0,25.0,7026.0,6.0,5.0,1.0
1.0,145.0,778.345913212676,75916.0,68.0,7859.0,2.0,2.0,0.0
1.0,27.0,641.5378571682427,58655.0,71.0,2680.0,6.0,5.0,0.0
1.0,43.0,763.3537134613991,45755.0,58.0,9410.0,2.0,4.0,0.0
0.0,231.0,884.7451439442895,13495.0,54.0,1872.0,4.0,5.0,1.0
0.0,198.0,994.530825887053,59140.0,29.0,1461.0,3.0,1.0,1.0
0.0,71.0,39.26488792592668,71925.0,90.0,3273.0,7.0,6.0,1.0
1.0,316.0,6.245947107312315,20384.0,3.0,5193.0,2.0,2.0,1.0
0.0,148.0,238.40258641429273,25970.0,7.0,4906.0,4.0,6.0,1.0
0.0,57.0,836.8510328847299,75513.0,77.0,9782.0,1.0,6.0,0.0
0.0,150.0,429.8096542102304,90584.0,46.0,4941.0,5.0,4.0,0.0
0.0,269.0,974.6798364612695,18870.0,68.0,9914.0,5.0,5.0,0.0
1.0,241.0,44.49089074160986,60709.0,48.0,5155.0,6.0,1.0,1.0
0.0,177.0,241.88479846125898,96127.0,81.0,2698.0,7.0,5.0,1.0
0.0,23.0,352.9467470680753,54374.0,83.0,3868.0,7.0,6.0,1.0
1.0,324.0,183.0957204154594,27675.0,9.0,8498.0,1.0,3.0,0.0
0.0,103.0,885.9045952324869,51365.0,40.0,9444.0,4.0,5.0,1.0
1.0,19.0,753.537627900046,35048.0,37.0,6848.0,7.0,1.0,1.0
1.0,64.0,799.5430691067214,67272.0,52.0,8204.0,4.0,3.0,0.0
1.0,355.0,498.0258691011337,78062.0,35.0,2353.0,6.0,4.0,0.0
1.0,309.0,995.1030666792313,33652.0,70.0,5813.0,3.0,1.0,0.0
1.0,339.0,296.34430939100196,68447.0,78.0,7981.0,2.0,6.0,1.0
1.0,229.0,43.312807687279395,56210.0,79.0,8126.0,3.0,6.0,0.0
0.0,344.0,637.875025345415,57619.0,66.0,3621.0,1.0,2.0,1.0
0.0,65.0,68.1661296990467,94562.0,47.0,6933.0,4.0,5.0,0.0
0.0,348.0,450.47264614607917,58623.0,48.0,8273.0,7.0,1.0,0.0
1.0,204.0,315.07105587356665,46528.0,32.0,2858.0,1.0,6.0,0.0
1.0,266.0,387.6003926592242,83619.0,16.0,5288.0,7.0,3.0,1.0
0.0,314.0,286.2913008204598,74382.0,26.0,3009.0,2.0,1.0,1.0
0.0,228.0,997.2651416190188,99381.0,41.0,6692.0,6.0,1.0,1.0
1.0,81.0,712.0972949032055,93584.0,23.0,6922.0,5.0,2.0,0.0
0.0,72.0,237.4994481025836,74752.0,4.0,6912.0,5.0,5.0,1.0
1.0,283.0,130.64145848405664,21300.0,9.0,6067.0,4.0,6.0,1.0
1.0,210.0,823.5160601088822,19666.0,17.0,6194.0,6.0,1.0,1.0
1.0,349.0,517.8426518080403,26821.0,100.0,3981.0,7.0,2.0,1.0
0.0,64.0,518.5840307910922,49862.0,22.0,3653.0,3.0,6.0,0.0
1.0,266.0,895.0309909043033,20336.0,33.0,4216.0,6.0,5.0,1.0
0.0,321.0,303.52178150276717,79924.0,12.0,9234.0,6.0,2.0,0.0
0.0,338.0,624.854708246232,89316.0,44.0,1674.0,7.0,1.0,0.0
0.0,329.0,771.2513464256708,44688.0,84.0,4453.0,7.0,5.0,1.0
0.0,255.0,889.1078845675054,81509.0,38.0,5949.0,4.0,2.0,1.0
1.0,233.0,73.90005247984044,17852.0,21.0,8202.0,4.0,4.0,1.0
0.0,175.0,607.0536025578157,50970.0,92.0,6231.0,6.0,3.0,1.0
0.0,190.0,515.4651539481399,23917.0,41.0,4960.0,4.0,1.0,1.0
1.0,127.0,141.73675737317532,16632.0,38.0,7293.0,7.0,5.0,1.0
0.0,82.0,813.6643685930101,85718.0,93.0,6123.0,2.0,2.0,1.0
1.0,256.0,879.1965879368181,75191.0,3.0,2475.0,4.0,5.0,1.0
0.0,111.0,583.760767873691,16377.0,7.0,5609.0,4.0,5.0,1.0
1.0,275.0,9.169228541293682,24089.0,56.0,3194.0,3.0,6.0,1.0
1.0,188.0,46.197152116753394,16705.0,73.0,4189.0,3.0,5.0,1.0
0.0,198.0,504.7512735940815,82070.0,36.0,2946.0,2.0,1.0,1.0
1.0,174.0,558.2740064338566,57920.0,97.0,3363.0,2.0,5.0,1.0
0.0,24.0,39.875052279974014,53652.0,61.0,9508.0,4.0,2.0,0.0
1.0,314.0,319.2115017275477,61505.0,79.0,5902.0,5.0,3.0,1.0
1.0,244.0,815.9330844105804,58281.0,43.0,2795.0,4.0,5.0,1.0
0.0,306.0,475.11562387097547,95929.0,100.0,4728.0,6.0,1.0,1.0
0.0,269.0,629.3962159042183,91230.0,100.0,7229.0,2.0,6.0,0.0
0.0,294.0,948.2569656135171,24404.0,25.0,1310.0,4.0,3.0,1.0
0.0,212.0,690.809760657607,63788.0,65.0,8726.0,7.0,6.0,0.0
0.0,266.0,208.13436326627345,52604.0,85.0,8837.0,5.0,4.0,1.0
0.0,236.0,912.2120367630864,54869.0,70.0,6804.0,6.0,6.0,1.0
1.0,99.0,957.3800587972448,46569.0,72.0,5890.0,2.0,3.0,1.0
0.0,354.0,705.2832714804565,51555.0,62.0,6714.0,5.0,6.0,1.0
1.0,63.0,573.9033270697714,81197.0,49.0,7464.0,7.0,3.0,0.0
1.0,22.0,288.3427112725258,20358.0,45.0,8247.0,6.0,3.0,1.0
0.0,104.0,828.1237518045257,45537.0,72.0,5450.0,2.0,1.0,0.0
0.0,26.0,670.1641309282109,79604.0,29.0,4814.0,1.0,1.0,1.0
1.0,242.0,101.44435987257054,28018.0,1.0,3587.0,4.0,6.0,1.0
1.0,334.0,200.25651869293407,47649.0,42.0,5676.0,6.0,1.0,0.0
0.0,274.0,738.9478357463669,14888.0,23.0,7846.0,7.0,2.0,0.0
1.0,254.0,187.1253202905664,47941.0,5.0,1151.0,3.0,5.0,0.0
1.0,146.0,454.89472907863825,94058.0,70.0,9590.0,4.0,2.0,1.0
1.0,99.0,809.0050643647769,53343.0,21.0,8518.0,6.0,3.0,0.0
0.0,173.0,790.9768967608304,84420.0,87.0,4164.0,2.0,5.0,1.0
1.0,264.0,328.59873208143586,62538.0,86.0,2562.0,2.0,2.0,1.0
1.0,128.0,7.823290419015896,60275.0,31.0,8319.0,7.0,3.0,1.0
1.0,299.0,723.1596458725965,11498.0,34.0,6890.0,6.0,2.0,0.0
0.0,239.0,307.49953566161616,63138.0,88.0,9233.0,6.0,3.0,0.0
1.0,189.0,615.0108226957052,38721.0,18.0,8834.0,2.0,4.0,1.0
1.0,360.0,549.6852743095465,71712.0,97.0,9806.0,7.0,6.0,0.0
0.0,349.0,754.9848101751405,20730.0,68.0,8319.0,5.0,6.0,1.0
0.0,289.0,113.09658274573299,81781.0,65.0,4312.0,5.0,5.0,0.0
0.0,168.0,854.6315213875561,67912.0,15.0,4365.0,6.0,5.0,1.0
0.0,262.0,446.03720949503327,17292.0,59.0,3161.0,5.0,4.0,1.0
0.0,287.0,462.9159274331848,50392.0,93.0,1356.0,4.0,3.0,0.0
0.0,297.0,73.95649638954185,65534.0,45.0,2044.0,5.0,1.0,0.0
1.0,17.0,287.8036161844288,33590.0,99.0,3218.0,7.0,6.0,1.0
1.0,196.0,449.0885955300231,59479.0,49.0,2314.0,6.0,6.0,0.0
1.0,61.0,179.29515537510756,80419.0,51.0,9664.0,2.0,6.0,0.0
0.0,12.0,978.5121919964598,70686.0,87.0,9920.0,4.0,5.0,1.0
0.0,127.0,461.16465327004767,30332.0,36.0,4088.0,6.0,1.0,0.0
1.0,315.0,766.2874140463895,12050.0,31.0,4376.0,1.0,1.0,0.0
1.0,307.0,672.3516132353468,16380.0,32.0,1724.0,4.0,4.0,0.0
0.0,29.0,140.9954395397897,47914.0,30.0,6224.0,5.0,5.0,1.0
0.0,155.0,876.3820638516333,96535.0,67.0,4621.0,4.0,3.0,1.0
0.0,286.0,948.5717347716947,32955.0,81.0,7999.0,5.0,4.0,0.0
1.0,330.0,671.6711822209766,78742.0,41.0,7821.0,4.0,2.0,1.0
1.0,95.0,754.6616811408871,72065.0,31.0,4692.0,3.0,6.0,0.0
1.0,30.0,562.8235636373222,64592.0,72.0,9683.0,2.0,4.0,0.0
1.0,105.0,330.9327306304808,20363.0,58.0,7079.0,1.0,5.0,0.0
0.0,138.0,377.79080698637847,89294.0,78.0,1647.0,7.0,1.0,0.0
0.0,246.0,209.68019946369805,53642.0,39.0,1251.0,2.0,2.0,0.0
1.0,125.0,695.9306594192768,36805.0,51.0,4921.0,5.0,3.0,1.0
1.0,239.0,534.1164772888468,57088.0,40.0,5285.0,3.0,5.0,1.0
1.0,51.0,803.013805198201,71537.0,98.0,6246.0,2.0,3.0,1.0
1.0,24.0,562.9622027368899,39002.0,95.0,3390.0,1.0,3.0,1.0
1.0,79.0,196.99559094410697,40149.0,49.0,5026.0,4.0,5.0,1.0
1.0,251.0,966.5417589830934,94108.0,95.0,9037.0,4.0,2.0,1.0
0.0,72.0,720.5932172313317,74004.0,24.0,9882.0,6.0,1.0,0.0
0.0,343.0,49.465879802215824,10836.0,53.0,3252.0,7.0,6.0,0.0
0.0,363.0,151.87861681828142,38668.0,65.0,8471.0,3.0,1.0,1.0
1.0,9.0,7.6057446351667375,82305.0,53.0,1194.0,1.0,5.0,1.0
1.0,9.0,502.71381621319097,98346.0,56.0,3937.0,1.0,1.0,0.0
0.0,99.0,620.1610615695233,43084.0,46.0,5379.0,7.0,4.0,0.0
1.0,208.0,459.53874780563393,41877.0,90.0,4700.0,3.0,6.0,0.0
0.0,48.0,405.873019806182,59436.0,71.0,8798.0,1.0,6.0,0.0
0.0,43.0,500.3585347196792,66873.0,83.0,6427.0,5.0,1.0,0.0
0.0,109.0,901.3716860655603,84289.0,61.0,5441.0,1.0,1.0,1.0
0.0,92.0,928.8375948934046,51220.0,3.0,4394.0,5.0,2.0,1.0
0.0,154.0,163.28780046399118,41519.0,73.0,7375.0,6.0,5.0,1.0
1.0,72.0,790.7075871489158,20279.0,65.0,6666.0,1.0,1.0,1.0
0.0,39.0,341.25215372863084,90460.0,77.0,7499.0,7.0,3.0,0.0
1.0,231.0,491.11285265468246,56636.0,71.0,7150.0,4.0,2.0,1.0
0.0,317.0,296.0841012243712,42302.0,92.0,2204.0,1.0,3.0,0.0
1.0,365.0,784.1063915883525,30221.0,95.0,7383.0,3.0,3.0,0.0
0.0,3.0,943.01726711511,68292.0,47.0,5419.0,1.0,2.0,0.0
0.0,221.0,449.39483334442997,82710.0,66.0,7685.0,1.0,1.0,0.0
1.0,284.0,93.97119619941428,88386.0,42.0,7311.0,1.0,3.0,1.0
1.0,44.0,725.1190001907565,83339.0,32.0,9537.0,2.0,6.0,1.0
0.0,72.0,269.6500445666174,45180.0,64.0,3390.0,1.0,2.0,1.0
1.0,216.0,300.4525016676417,20082.0,47.0,5123.0,2.0,6.0,1.0
0.0,235.0,107.86539521332111,49932.0,1.0,7483.0,3.0,5.0,1.0
1.0,226.0,335.40148752321005,95332.0,77.0,3230.0,3.0,3.0,0.0
1.0,161.0,178.4596340478215,62198.0,41.0,5775.0,6.0,6.0,1.0
0.0,167.0,376.6792470218229,61502.0,47.0,2865.0,5.0,2.0,0.0
0.0,237.0,943.0319405023655,37479.0,57.0,5773.0,7.0,6.0,0.0
1.0,345.0,499.8039120736713,93012.0,39.0,4965.0,3.0,6.0,0.0
1.0,194.0,74.89117044670617,88372.0,62.0,7566.0,5.0,5.0,1.0
0.0,185.0,701.9326527685374,80373.0,77.0,2392.0,1.0,2.0,1.0
0.0,332.0,613.0652244109838,83822.0,83.0,7547.0,7.0,3.0,1.0
0.0,6.0,99.50795202314578,39098.0,66.0,9499.0,5.0,5.0,0.0
1.0,192.0,391.74303450882536,99070.0,76.0,9199.0,2.0,3.0,0.0
1.0,54.0,296.1367882978875,21253.0,15.0,3321.0,3.0,3.0,1.0
1.0,106.0,521.5937149706712,55652.0,61.0,2599.0,4.0,6.0,1.0
1.0,35.0,300.9638190987584,25084.0,3.0,6620.0,6.0,1.0,0.0
0.0,265.0,175.2787795913098,30989.0,43.0,7985.0,4.0,2.0,1.0
0.0,96.0,640.838397783418,66640.0,51.0,1478.0,6.0,5.0,0.0
1.0,304.0,430.1232882622401,10583.0,91.0,4519.0,2.0,3.0,0.0
0.0,275.0,187.7728757964613,52727.0,26.0,8496.0,1.0,3.0,1.0
1.0,306.0,389.2506216518365,61451.0,76.0,2871.0,3.0,3.0,1.0
0.0,345.0,706.2823725850341,48986.0,79.0,2388.0,6.0,2.0,1.0
0.0,123.0,306.0746225329634,33992.0,48.0,3316.0,5.0,4.0,1.0
0.0,295.0,384.32625287484933,34347.0,63.0,9804.0,6.0,6.0,0.0
0.0,251.0,289.5459392752963,34523.0,41.0,8389.0,5.0,1.0,1.0
0.0,249.0,137.3981799478334,60324.0,72.0,9281.0,6.0,4.0,1.0
1.0,213.0,710.4322304729513,68176.0,63.0,3740.0,1.0,5.0,0.0
0.0,150.0,33.6623917712127,39470.0,69.0,5729.0,2.0,4.0,1.0
0.0,294.0,115.09244470760983,81186.0,47.0,9880.0,7.0,1.0,1.0
0.0,218.0,103.3140224386208,95678.0,97.0,5055.0,3.0,1.0,1.0
1.0,179.0,862.3374258720268,21401.0,57.0,2923.0,7.0,2.0,0.0
1.0,364.0,610.6515408168574,66120.0,22.0,3281.0,7.0,2.0,0.0
0.0,292.0,351.4646634738781,46842.0,77.0,9827.0,2.0,3.0,1.0
1.0,294.0,268.075723211802,77425.0,87.0,2560.0,2.0,4.0,0.0
1.0,336.0,127.76128044519643,27392.0,32.0,3396.0,6.0,3.0,0.0
1.0,251.0,143.02946144229247,92890.0,35.0,7786.0,4.0,4.0,0.0
0.0,207.0,516.0978586156114,46467.0,89.0,7046.0,4.0,4.0,1.0
0.0,48.0,731.2010055495659,70089.0,82.0,6869.0,7.0,1.0,1.0
0.0,220.0,825.0227999883862,74843.0,35.0,6289.0,7.0,3.0,1.0
0.0,290.0,852.5701537121278,55054.0,88.0,1793.0,1.0,1.0,1.0
0.0,64.0,929.5034424721744,30707.0,57.0,8479.0,1.0,4.0,0.0
0.0,333.0,302.56363887204583,45916.0,12.0,6905.0,3.0,1.0,1.0
0.0,27.0,396.945225365301,50043.0,93.0,4836.0,4.0,6.0,0.0
0.0,1.0,214.2077557692669,20215.0,17.0,4705.0,5.0,6.0,1.0
0.0,5.0,695.9015101807606,25806.0,55.0,3165.0,4.0,1.0,0.0
1.0,46.0,731.032618382207,23425.0,14.0,6133.0,3.0,3.0,0.0
1.0,69.0,641.9345723684669,98753.0,19.0,2120.0,5.0,5.0,0.0
0.0,226.0,351.83653110794415,37925.0,81.0,3480.0,4.0,5.0,1.0
0.0,45.0,896.6963526633727,28351.0,97.0,3017.0,5.0,6.0,1.0
1.0,220.0,315.1891645139872,28327.0,32.0,5537.0,6.0,1.0,0.0
1.0,354.0,27.797581740052987,96298.0,39.0,4366.0,5.0,5.0,0.0
1.0,152.0,646.5236048662257,41370.0,64.0,7322.0,1.0,2.0,1.0
0.0,271.0,888.8358035588208,11581.0,47.0,6185.0,2.0,4.0,1.0
1.0,280.0,683.2591069534237,71736.0,99.0,2195.0,1.0,5.0,0.0
0.0,135.0,216.5271955787169,17925.0,51.0,9300.0,3.0,6.0,1.0
1.0,360.0,402.8751332338555,93956.0,69.0,9808.0,5.0,2.0,1.0
0.0,159.0,79.94254041309198,36633.0,20.0,9788.0,3.0,4.0,0.0
1.0,358.0,438.04855700752444,41278.0,8.0,5005.0,1.0,4.0,0.0
1.0,314.0,609.2235720230161,50539.0,86.0,3877.0,1.0,1.0,0.0
0.0,84.0,496.9165195901929,55443.0,67.0,9474.0,7.0,6.0,1.0
0.0,191.0,127.80367687364371,45227.0,94.0,2934.0,7.0,1.0,1.0
1.0,140.0,524.3303572372206,44465.0,92.0,2262.0,4.0,4.0,1.0
0.0,256.0,859.5004229047838,31873.0,48.0,3577.0,3.0,1.0,0.0
0.0,261.0,3.565937526478287,11610.0,32.0,1753.0,4.0,3.0,1.0
0.0,92.0,931.2289170800283,14635.0,71.0,7870.0,2.0,3.0,0.0
1.0,164.0,271.98670005180685,20208.0,74.0,7108.0,1.0,5.0,0.0
0.0,115.0,804.533681439298,16019.0,52.0,2129.0,4.0,3.0,1.0
1.0,45.0,553.5383039287435,11044.0,48.0,4287.0,3.0,5.0,1.0
0.0,238.0,368.9053540684226,74665.0,99.0,4201.0,6.0,5.0,0.0
0.0,4.0,932.4651350053107,13133.0,30.0,9872.0,3.0,6.0,0.0
1.0,1.0,759.1702240604649,59319.0,95.0,6038.0,1.0,2.0,0.0
1.0,252.0,961.2238758268593,28661.0,92.0,5584.0,1.0,1.0,0.0
1.0,359.0,895.6823621997198,70091.0,96.0,2391.0,5.0,1.0,0.0
1.0,39.0,592.3038675729402,18163.0,56.0,3141.0,2.0,3.0,1.0
1.0,202.0,701.0248807152205,52762.0,41.0,8417.0,3.0,2.0,0.0
0.0,70.0,780.157045486394,86638.0,14.0,3546.0,1.0,2.0,1.0
1.0,161.0,407.10603935730455,80244.0,46.0,4401.0,4.0,3.0,1.0
1.0,62.0,91.33046716047636,99922.0,39.0,1660.0,2.0,3.0,0.0
0.0,365.0,248.97057067179384,56627.0,51.0,9412.0,1.0,6.0,1.0
1.0,90.0,32.051011265400795,63004.0,58.0,5093.0,1.0,4.0,0.0
0.0,63.0,12.94496624624358,39135.0,17.0,4246.0,7.0,4.0,1.0
0.0,299.0,586.5326334503428,19828.0,3.0,2056.0,2.0,6.0,1.0
0.0,48.0,905.1728924097728,53456.0,16.0,1699.0,4.0,1.0,0.0
1.0,203.0,496.630264822042,60165.0,88.0,7990.0,2.0,3.0,0.0
0.0,141.0,280.5746997264431,29481.0,5.0,5026.0,6.0,3.0,1.0
1.0,282.0,479.55189903019436,21497.0,36.0,7275.0,2.0,4.0,0.0
0.0,323.0,994.0931900915944,81258.0,3.0,7266.0,7.0,6.0,1.0
1.0,279.0,781.653670729658,55093.0,73.0,9231.0,3.0,4.0,1.0
0.0,14.0,319.55868976205016,38707.0,4.0,5602.0,1.0,4.0,1.0
0.0,82.0,101.03420296765262,96096.0,31.0,5366.0,5.0,6.0,0.0
0.0,295.0,846.658585374668,60911.0,46.0,3846.0,2.0,2.0,1.0
1.0,303.0,29.17836315743191,56095.0,73.0,3328.0,5.0,2.0,1.0
1.0,90.0,490.94598370735173,21830.0,8.0,4811.0,5.0,2.0,0.0
1.0,1.0,332.4022595806292,90495.0,26.0,3137.0,3.0,6.0,0.0
1.0,31.0,22.890983347328717,86888.0,91.0,3320.0,7.0,1.0,1.0
0.0,192.0,704.8334716184532,96787.0,51.0,2655.0,3.0,3.0,1.0
0.0,81.0,732.6196733992163,67261.0,82.0,8982.0,6.0,3.0,0.0
1.0,115.0,665.8661378052919,32983.0,49.0,6026.0,6.0,6.0,1.0
0.0,91.0,729.102124980063,85082.0,51.0,1530.0,2.0,5.0,1.0
0.0,328.0,565.9846958742002,75035.0,19.0,6425.0,6.0,1.0,0.0
1.0,164.0,168.71952933483254,21629.0,91.0,6500.0,4.0,1.0,1.0
0.0,128.0,693.4829002449436,55938.0,33.0,2770.0,6.0,1.0,0.0
1.0,225.0,732.8519100042698,31802.0,53.0,9078.0,4.0,3.0,1.0
0.0,246.0,788.9412644817431,85766.0,84.0,4695.0,2.0,4.0,0.0
0.0,151.0,21.05792033223943,44226.0,14.0,2215.0,3.0,2.0,1.0
0.0,39.0,547.4992123536192,22203.0,44.0,8909.0,6.0,1.0,1.0
0.0,311.0,889.8635171336396,30591.0,7.0,2659.0,3.0,2.0,0.0
1.0,357.0,554.5583198839132,80795.0,34.0,5612.0,3.0,2.0,0.0
0.0,202.0,572.1980380498838,74349.0,20.0,1893.0,3.0,1.0,1.0
0.0,151.0,824.0734097760782,91931.0,77.0,8869.0,2.0,1.0,0.0
0.0,88.0,638.552468415496,20739.0,61.0,2892.0,3.0,4.0,1.0
1.0,339.0,265.73939272050364,94130.0,70.0,7349.0,2.0,3.0,1.0
1.0,96.0,446.32949552366364,44510.0,57.0,8619.0,3.0,2.0,1.0
0.0,78.0,752.4829069731718,97486.0,13.0,2404.0,6.0,3.0,1.0
0.0,284.0,61.92276231166988,60738.0,67.0,7858.0,5.0,6.0,1.0
0.0,244.0,299.5532568981952,61747.0,92.0,1568.0,5.0,5.0,0.0
0.0,230.0,173.70609383368796,31910.0,28.0,4157.0,2.0,1.0,1.0
0.0,350.0,435.95785228697474,92211.0,19.0,5225.0,3.0,6.0,0.0
0.0,199.0,556.8078397658292,82358.0,42.0,5525.0,5.0,4.0,0.0
1.0,58.0,415.0279563702097,29424.0,73.0,2641.0,1.0,5.0,0.0
1.0,275.0,880.2556488404073,63856.0,34.0,7275.0,6.0,4.0,1.0
0.0,89.0,276.13872789271903,28855.0,80.0,7581.0,1.0,4.0,1.0
0.0,26.0,746.004070019297,45203.0,48.0,1331.0,3.0,3.0,1.0
1.0,252.0,858.3765484503407,99764.0,13.0,4734.0,2.0,3.0,1.0
1.0,138.0,729.0706138562855,89295.0,83.0,2462.0,2.0,4.0,0.0
1.0,249.0,759.7338019310304,59009.0,8.0,9442.0,7.0,2.0,0.0
1.0,364.0,507.2884799613189,27779.0,100.0,9589.0,5.0,1.0,0.0
0.0,103.0,837.1397009310863,42701.0,5.0,8478.0,1.0,3.0,0.0
1.0,189.0,823.682785397427,76207.0,51.0,3029.0,6.0,1.0,0.0
1.0,251.0,594.4495498586991,33276.0,61.0,6730.0,3.0,2.0,1.0
0.0,146.0,28.423039407872444,16507.0,21.0,4511.0,7.0,2.0,0.0
0.0,138.0,651.9357455231076,77276.0,3.0,1145.0,4.0,2.0,0.0
0.0,115.0,253.13805091929083,50037.0,92.0,5511.0,4.0,4.0,1.0
1.0,130.0,218.99084501885852,49602.0,87.0,9530.0,7.0,5.0,1.0
0.0,4.0,512.0022037508335,96816.0,48.0,5631.0,3.0,6.0,0.0
1.0,33.0,336.94737023392764,46239.0,82.0,6327.0,7.0,3.0,1.0
1.0,97.0,150.77936705780238,41496.0,8.0,7620.0,6.0,3.0,0.0
0.0,336.0,497.87545557671507,48745.0,34.0,7857.0,4.0,4.0,0.0
0.0,176.0,726.8233267043227,39145.0,88.0,9759.0,6.0,4.0,1.0
1.0,88.0,840.7980559018035,83170.0,24.0,5813.0,1.0,4.0,0.0
1.0,287.0,763.1553001009833,33995.0,88.0,6499.0,6.0,1.0,0.0
1.0,115.0,744.4657194134652,50250.0,54.0,6428.0,3.0,3.0,1.0
1.0,61.0,471.0660311030095,93151.0,75.0,2166.0,4.0,2.0,0.0
1.0,272.0,299.0573980636458,17086.0,20.0,3250.0,2.0,3.0,1.0
1.0,74.0,317.0670741910602,33639.0,100.0,2324.0,4.0,3.0,0.0
1.0,325.0,58.95557463697178,69251.0,36.0,4430.0,7.0,2.0,0.0
1.0,46.0,130.2765516107176,66847.0,82.0,8035.0,4.0,4.0,1.0
1.0,3.0,38.687593156463045,36137.0,94.0,7112.0,1.0,3.0,0.0
0.0,347.0,5.119710140378988,42613.0,29.0,6641.0,3.0,2.0,0.0
1.0,258.0,589.0820174799038,31891.0,9.0,1749.0,3.0,3.0,1.0
1.0,223.0,888.0860697932046,27536.0,44.0,9031.0,3.0,2.0,0.0
1.0,10.0,229.18986655098968,27197.0,28.0,1359.0,5.0,5.0,0.0
0.0,188.0,711.3989800057548,14897.0,49.0,5190.0,7.0,5.0,0.0
0.0,339.0,109.0053367608342,12587.0,7.0,2897.0,4.0,4.0,1.0
0.0,281.0,253.48555477650416,30070.0,27.0,1152.0,3.0,4.0,0.0
1.0,319.0,606.0287025870801,27978.0,54.0,2718.0,5.0,6.0,0.0
1.0,59.0,784.9753061023164,75239.0,26.0,4272.0,7.0,3.0,0.0
1.0,361.0,410.3464742977607,31020.0,6.0,9980.0,4.0,2.0,1.0
1.0,121.0,3.7352610583353,98032.0,12.0,2809.0,7.0,5.0,1.0
0.0,47.0,779.746696361852,19836.0,93.0,2659.0,3.0,6.0,0.0
1.0,152.0,264.86089774826974,16564.0,13.0,3862.0,7.0,1.0,1.0
1.0,347.0,313.3943998558015,25191.0,13.0,1751.0,1.0,2.0,0.0
1.0,184.0,894.633089760518,91501.0,35.0,2522.0,3.0,3.0,0.0
0.0,206.0,400.84997575244023,69839.0,35.0,7319.0,6.0,4.0,1.0
0.0,58.0,133.3790646603234,17686.0,21.0,2699.0,4.0,5.0,1.0
1.0,93.0,611.7118351338135,57002.0,79.0,1472.0,7.0,6.0,0.0
1.0,250.0,113.82454189439365,63907.0,57.0,1753.0,1.0,3.0,1.0
0.0,361.0,868.4639395866616,78788.0,99.0,4669.0,6.0,3.0,0.0
1.0,339.0,726.9253164554268,73167.0,45.0,7305.0,2.0,5.0,0.0
0.0,330.0,934.4370489997449,76265.0,61.0,9123.0,7.0,2.0,0.0
1.0,165.0,241.65092488053392,46458.0,7.0,9305.0,2.0,5.0,1.0
1.0,121.0,79.75176515903688,68220.0,74.0,8341.0,1.0,4.0,1.0
1.0,61.0,980.6900682067571,95638.0,3.0,2681.0,4.0,4.0,0.0
0.0,47.0,791.9915018871357,91142.0,82.0,5990.0,5.0,5.0,0.0
1.0,175.0,363.97913509224117,17113.0,29.0,8445.0,3.0,5.0,1.0
1.0,232.0,114.90933499738256,96364.0,29.0,1035.0,3.0,3.0,1.0
1.0,360.0,107.2159070203626,31516.0,64.0,3301.0,7.0,6.0,1.0
0.0,131.0,611.240914372545,34581.0,16.0,7437.0,2.0,4.0,0.0
1.0,56.0,757.3921924684635,16094.0,82.0,3018.0,7.0,4.0,1.0
0.0,256.0,5.333290039255994,16366.0,71.0,8091.0,7.0,5.0,1.0
0.0,355.0,578.9758313184724,26827.0,14.0,7347.0,6.0,5.0,1.0
1.0,215.0,979.5212594448379,42537.0,36.0,7518.0,3.0,3.0,1.0
0.0,71.0,413.3327273348117,77147.0,39.0,9975.0,7.0,3.0,0.0
0.0,108.0,624.5434216161827,48086.0,88.0,6657.0,6.0,2.0,0.0
1.0,364.0,116.2898470313418,56168.0,72.0,8870.0,5.0,5.0,1.0
1.0,217.0,808.4964745473693,78515.0,14.0,1414.0,4.0,2.0,0.0
0.0,103.0,267.7112911748501,31094.0,37.0,5105.0,2.0,1.0,1.0
0.0,278.0,33.27407685908482,69322.0,14.0,4675.0,6.0,6.0,1.0
0.0,262.0,784.5228656980157,47701.0,89.0,1769.0,4.0,4.0,1.0
1.0,283.0,54.74839011544188,42943.0,26.0,8259.0,7.0,2.0,1.0
0.0,100.0,294.883544082687,33255.0,88.0,2220.0,2.0,2.0,0.0
1.0,21.0,429.07930658633353,82954.0,34.0,3131.0,2.0,5.0,1.0
0.0,170.0,466.8650068713695,30290.0,6.0,3518.0,3.0,5.0,0.0
1.0,252.0,790.1182742350124,82110.0,46.0,2194.0,7.0,6.0,1.0
0.0,95.0,521.0856810443721,76209.0,21.0,7814.0,5.0,5.0,1.0
0.0,179.0,221.97688302035132,37964.0,85.0,6437.0,3.0,3.0,1.0
0.0,317.0,530.9683967112178,83575.0,97.0,1144.0,1.0,6.0,1.0
1.0,124.0,904.5919620292044,90439.0,80.0,4994.0,1.0,6.0,1.0
1.0,59.0,386.49005884925987,80809.0,93.0,5633.0,1.0,5.0,1.0
1.0,250.0,44.807809249591244,95397.0,25.0,6248.0,5.0,1.0,0.0
0.0,276.0,533.6726163426284,92173.0,9.0,4453.0,6.0,6.0,0.0
1.0,54.0,206.37398841393332,67047.0,83.0,2181.0,6.0,6.0,0.0
0.0,236.0,717.1514155520772,14965.0,12.0,2200.0,1.0,2.0,1.0
0.0,295.0,821.7976993129996,43901.0,53.0,7357.0,4.0,6.0,1.0
1.0,162.0,17.874077335837132,98250.0,16.0,9762.0,1.0,6.0,0.0
0.0,359.0,848.4029877671364,56884.0,65.0,2738.0,3.0,6.0,1.0
0.0,145.0,765.5089667794421,67367.0,49.0,7473.0,7.0,6.0,0.0
1.0,81.0,533.9342960465391,27875.0,96.0,7406.0,7.0,5.0,1.0
0.0,153.0,677.6117564595575,94926.0,48.0,1182.0,5.0,5.0,0.0
0.0,22.0,6.02480923493111,88204.0,51.0,9800.0,5.0,1.0,1.0
0.0,177.0,212.5252059790629,94663.0,66.0,3333.0,2.0,2.0,0.0
1.0,100.0,115.50791958106028,97946.0,73.0,1891.0,7.0,5.0,1.0
0.0,149.0,672.013563866134,42858.0,13.0,4234.0,6.0,5.0,1.0
1.0,183.0,129.0869314493556,95914.0,31.0,2639.0,3.0,5.0,0.0
0.0,163.0,486.3753690436134,53036.0,79.0,6008.0,6.0,5.0,0.0
1.0,162.0,958.7002630075743,32103.0,1.0,6131.0,2.0,2.0,1.0
1.0,185.0,135.17152655050594,53458.0,62.0,8583.0,4.0,3.0,1.0
1.0,283.0,109.72380365874156,94613.0,78.0,2343.0,7.0,3.0,0.0
0.0,135.0,733.811072427403,92132.0,10.0,2235.0,1.0,5.0,0.0
1.0,303.0,213.54792549012055,14804.0,71.0,5269.0,5.0,5.0,1.0
0.0,188.0,393.10584750088555,87280.0,94.0,5767.0,2.0,4.0,0.0
1.0,187.0,502.66510239676444,96858.0,31.0,3717.0,7.0,5.0,0.0
1.0,82.0,179.96603872471215,84162.0,85.0,3395.0,6.0,6.0,1.0
1.0,21.0,219.60029814176934,73916.0,30.0,2029.0,3.0,3.0,0.0
0.0,343.0,207.56730064278347,57349.0,50.0,8695.0,4.0,1.0,0.0
1.0,53.0,704.0325165947747,78337.0,82.0,5480.0,7.0,6.0,1.0
0.0,193.0,654.0216378207504,57880.0,76.0,2275.0,5.0,3.0,1.0
0.0,265.0,406.4363603483521,55224.0,63.0,8898.0,5.0,1.0,0.0
1.0,85.0,230.76077526071023,77441.0,83.0,5600.0,2.0,2.0,0.0
0.0,186.0,602.4182561903103,25509.0,85.0,4773.0,4.0,3.0,0.0
1.0,346.0,479.335828077362,37617.0,76.0,3641.0,6.0,4.0,0.0
0.0,23.0,128.75722983414695,87640.0,21.0,3207.0,6.0,5.0,0.0
0.0,29.0,167.1750249415739,33597.0,67.0,7642.0,5.0,5.0,0.0
1.0,44.0,217.37682447399314,89498.0,61.0,8891.0,2.0,2.0,1.0
0.0,299.0,820.6327269503669,33839.0,80.0,9369.0,3.0,2.0,1.0
1.0,306.0,591.005394941375,40122.0,49.0,7315.0,2.0,1.0,0.0
0.0,268.0,859.7321003185949,76107.0,88.0,7877.0,7.0,2.0,0.0
0.0,244.0,901.7066101441787,88618.0,5.0,9706.0,5.0,1.0,0.0
1.0,338.0,131.19851193638718,89098.0,70.0,1019.0,7.0,6.0,1.0
1.0,190.0,874.9494764312717,79444.0,55.0,4759.0,7.0,4.0,1.0
1.0,302.0,804.8164178554165,85513.0,13.0,7971.0,2.0,3.0,1.0
0.0,43.0,283.9834013409469,81267.0,53.0,5223.0,2.0,1.0,0.0
0.0,267.0,8.186858398130886,95792.0,27.0,6175.0,4.0,3.0,0.0
0.0,219.0,651.9243588431538,43244.0,34.0,9783.0,4.0,5.0,1.0
1.0,349.0,398.05669404727905,36698.0,53.0,8904.0,2.0,3.0,1.0
1.0,158.0,578.0735019371804,62183.0,95.0,3262.0,7.0,6.0,0.0
0.0,229.0,783.3261510849902,31206.0,13.0,4513.0,5.0,4.0,1.0
0.0,83.0,389.7145769045179,93345.0,1.0,2492.0,7.0,2.0,1.0
1.0,46.0,65.01637591294129,39067.0,48.0,2311.0,5.0,1.0,1.0
1.0,315.0,656.5190546250682,47548.0,92.0,1941.0,7.0,2.0,1.0
1.0,6.0,202.50553556320858,96099.0,67.0,5685.0,2.0,1.0,0.0
0.0,346.0,37.02507201120443,41359.0,84.0,1004.0,2.0,1.0,1.0
1.0,181.0,669.9923843499122,63143.0,76.0,4281.0,5.0,1.0,0.0
0.0,282.0,285.20929324934303,83284.0,75.0,6703.0,3.0,3.0,0.0
0.0,233.0,929.7841269713082,85354.0,1.0,5277.0,2.0,4.0,0.0
0.0,258.0,294.95757264365193,25336.0,66.0,5222.0,5.0,5.0,1.0
1.0,194.0,563.6054352011253,41886.0,97.0,6565.0,7.0,4.0,1.0
0.0,247.0,117.15203313948167,18854.0,49.0,4610.0,6.0,6.0,0.0
1.0,212.0,955.4902414362368,77699.0,69.0,1159.0,6.0,3.0,0.0
1.0,48.0,399.53170596081173,54825.0,10.0,3924.0,4.0,3.0,1.0
0.0,294.0,269.80670668633024,99536.0,25.0,9175.0,6.0,2.0,0.0
0.0,136.0,207.57185368968788,36577.0,32.0,6833.0,2.0,1.0,0.0
0.0,347.0,955.823904378419,74574.0,79.0,1108.0,7.0,5.0,0.0
1.0,191.0,621.0468073569349,74532.0,74.0,5501.0,4.0,2.0,1.0
1.0,114.0,750.4192164099851,26809.0,7.0,9613.0,7.0,4.0,1.0
0.0,258.0,347.9416727000713,99959.0,100.0,3863.0,4.0,1.0,1.0
1.0,353.0,9.410186214805794,98356.0,27.0,7216.0,5.0,1.0,1.0
1.0,314.0,861.9801812577326,34530.0,71.0,5306.0,2.0,3.0,1.0
1.0,188.0,184.72976052218112,65567.0,27.0,7866.0,6.0,3.0,1.0
1.0,144.0,451.2782624863783,84895.0,17.0,4744.0,7.0,1.0,1.0
0.0,285.0,432.7865329791041,59923.0,26.0,3389.0,7.0,6.0,0.0
1.0,5.0,177.43066938295323,75483.0,18.0,9470.0,5.0,6.0,1.0
1.0,154.0,251.72305945736395,84427.0,7.0,7527.0,1.0,6.0,0.0
0.0,111.0,814.0042511376395,72460.0,81.0,2577.0,4.0,6.0,1.0
1.0,185.0,360.94627348921955,83071.0,33.0,6638.0,1.0,4.0,0.0
1.0,348.0,963.1534443569961,36077.0,74.0,9821.0,2.0,3.0,1.0
1.0,345.0,510.934081010567,68580.0,11.0,7243.0,5.0,3.0,1.0
0.0,86.0,640.9400720589564,54222.0,54.0,7631.0,7.0,1.0,0.0
0.0,176.0,228.9897214484854,51533.0,84.0,5773.0,6.0,3.0,1.0
1.0,228.0,781.193062886176,57600.0,96.0,9535.0,4.0,4.0,0.0
0.0,12.0,125.91487082127215,40753.0,85.0,5122.0,6.0,6.0,0.0
0.0,86.0,397.6485377170615,22524.0,9.0,8752.0,5.0,1.0,0.0
1.0,269.0,765.2313757614621,20911.0,14.0,5300.0,5.0,2.0,0.0
1.0,159.0,230.12659952155587,47247.0,57.0,3071.0,2.0,5.0,0.0
0.0,18.0,663.8855861685007,52624.0,61.0,8654.0,7.0,5.0,1.0
1.0,70.0,969.5727222899916,80685.0,23.0,8480.0,6.0,6.0,1.0
1.0,178.0,482.1700310195122,39770.0,12.0,8239.0,3.0,3.0,1.0
1.0,80.0,304.2693426575159,10012.0,67.0,3233.0,3.0,3.0,1.0
0.0,353.0,922.1663073483088,72530.0,39.0,1149.0,7.0,4.0,1.0
0.0,4.0,548.6639835407602,34716.0,53.0,8161.0,4.0,2.0,0.0
1.0,194.0,221.37183380661375,20382.0,55.0,4924.0,5.0,5.0,1.0
1.0,333.0,743.1839652390206,45235.0,53.0,4080.0,7.0,1.0,0.0
0.0,149.0,111.2459941674457,69682.0,80.0,8418.0,3.0,6.0,1.0
0.0,165.0,20.376001849749354,16505.0,69.0,1362.0,2.0,1.0,1.0
1.0,65.0,715.4807462690637,11075.0,30.0,2477.0,2.0,1.0,1.0
0.0,176.0,420.8227841203295,75325.0,48.0,8597.0,6.0,1.0,1.0
0.0,75.0,56.98230605749092,61435.0,10.0,9899.0,4.0,2.0,0.0
1.0,196.0,828.4237953469371,25985.0,99.0,5078.0,4.0,4.0,0.0
0.0,102.0,461.37380067696756,22315.0,67.0,4415.0,4.0,4.0,1.0
1.0,82.0,629.5350898765686,15529.0,96.0,9534.0,1.0,3.0,1.0
1.0,102.0,361.0662294077281,16827.0,86.0,4568.0,1.0,2.0,1.0
1.0,8.0,168.19299605187777,46188.0,75.0,2960.0,4.0,2.0,0.0
0.0,298.0,783.6917650108088,72294.0,89.0,3539.0,3.0,1.0,0.0
0.0,256.0,92.31015075190878,91087.0,44.0,1983.0,1.0,3.0,0.0
0.0,65.0,488.3550390410569,51515.0,72.0,6690.0,7.0,4.0,0.0
0.0,353.0,378.3911675051549,27659.0,33.0,1646.0,4.0,6.0,1.0
1.0,278.0,697.3407372206591,34874.0,73.0,4057.0,5.0,3.0,1.0
1.0,141.0,867.7941781172025,88470.0,71.0,3627.0,1.0,5.0,0.0
1.0,152.0,819.5991329482639,80989.0,47.0,8439.0,1.0,6.0,1.0
0.0,10.0,620.1148719636534,57720.0,100.0,4912.0,3.0,6.0,0.0
1.0,98.0,524.5456990416419,75214.0,99.0,3525.0,5.0,3.0,1.0
1.0,329.0,322.7020315926795,22616.0,67.0,2092.0,1.0,2.0,0.0
0.0,104.0,107.9481133214005,35115.0,13.0,1521.0,5.0,6.0,1.0
1.0,270.0,624.3465135143153,87371.0,33.0,1804.0,3.0,2.0,0.0
0.0,107.0,656.0936125361478,20480.0,60.0,1994.0,3.0,5.0,1.0
1.0,363.0,59.24172442271792,90862.0,35.0,9667.0,1.0,6.0,0.0
1.0,40.0,944.6588785252284,78089.0,13.0,2658.0,6.0,2.0,1.0
0.0,99.0,526.6658297719034,42605.0,73.0,3931.0,5.0,6.0,1.0
0.0,327.0,576.9870953381463,98407.0,59.0,7997.0,1.0,2.0,0.0
1.0,259.0,338.17535769100743,30732.0,69.0,8258.0,3.0,3.0,1.0
1.0,212.0,764.4201835364668,66438.0,93.0,6299.0,5.0,2.0,0.0
1.0,282.0,926.2207756700648,43303.0,47.0,8412.0,4.0,4.0,0.0
0.0,146.0,596.167063797162,77844.0,18.0,5945.0,1.0,3.0,0.0
0.0,162.0,22.67967008614194,46170.0,71.0,9376.0,5.0,5.0,0.0
0.0,20.0,460.9094358555979,30461.0,18.0,5341.0,3.0,5.0,0.0
0.0,132.0,811.2631625458756,22046.0,74.0,7550.0,5.0,2.0,0.0
1.0,248.0,173.72958836546627,85527.0,13.0,5921.0,1.0,6.0,1.0
0.0,29.0,921.9496250236824,53829.0,45.0,8115.0,4.0,1.0,0.0
0.0,325.0,777.6411995259033,60133.0,7.0,5993.0,5.0,1.0,1.0
0.0,168.0,502.89920883678553,38940.0,20.0,1827.0,6.0,6.0,1.0
1.0,305.0,575.6795989962266,21807.0,29.0,8076.0,3.0,4.0,0.0
0.0,173.0,83.46256752594408,84899.0,96.0,1807.0,5.0,4.0,1.0
0.0,205.0,502.32129249018885,27088.0,98.0,3209.0,4.0,5.0,0.0
1.0,203.0,652.5961905401897,35703.0,72.0,9589.0,2.0,2.0,0.0
1.0,221.0,324.08822951505505,85499.0,12.0,2843.0,6.0,4.0,1.0
1.0,179.0,191.2992518277289,55157.0,77.0,1396.0,7.0,3.0,0.0
1.0,316.0,821.7624692109898,67961.0,80.0,3389.0,4.0,1.0,0.0
0.0,351.0,374.4469695302488,21247.0,15.0,1893.0,2.0,5.0,0.0
1.0,8.0,343.9281010486292,24585.0,40.0,8373.0,4.0,1.0,1.0
0.0,276.0,212.663438235205,81620.0,67.0,5237.0,5.0,4.0,0.0
0.0,193.0,583.4219383830894,96969.0,68.0,1712.0,3.0,2.0,0.0
1.0,103.0,789.3993060129147,90997.0,35.0,1869.0,4.0,6.0,0.0
0.0,199.0,660.712452672713,96898.0,85.0,6901.0,7.0,1.0,0.0
1.0,333.0,387.1367029095996,59899.0,66.0,2631.0,3.0,4.0,0.0
0.0,102.0,501.15017204600997,70029.0,72.0,1352.0,1.0,2.0,1.0
1.0,251.0,394.0064180094475,30578.0,3.0,6681.0,6.0,3.0,1.0
1.0,121.0,995.9984168355616,75700.0,36.0,2015.0,6.0,3.0,1.0
0.0,285.0,949.1673019447448,39567.0,20.0,6599.0,4.0,6.0,0.0
0.0,196.0,521.1971262294433,98866.0,79.0,4726.0,4.0,2.0,0.0
1.0,160.0,909.8256581706071,53160.0,58.0,9883.0,2.0,2.0,0.0
0.0,71.0,309.68939776602053,78656.0,18.0,8046.0,7.0,2.0,0.0
1.0,35.0,557.7829577954752,25517.0,24.0,6203.0,7.0,2.0,0.0
1.0,212.0,961.2349910351671,49760.0,57.0,5485.0,2.0,2.0,0.0
0.0,95.0,27.17202324185542,90213.0,79.0,5372.0,5.0,5.0,0.0
0.0,119.0,687.6905072931826,57089.0,11.0,8808.0,2.0,5.0,1.0
1.0,95.0,852.2773030331196,74414.0,61.0,3253.0,2.0,2.0,0.0
0.0,210.0,764.7743152741064,11967.0,35.0,7767.0,2.0,6.0,0.0
0.0,34.0,177.90112362188168,67577.0,79.0,9027.0,6.0,3.0,1.0
0.0,219.0,405.4619014742859,15482.0,78.0,7232.0,6.0,3.0,1.0
0.0,267.0,110.20697649686018,69886.0,6.0,5025.0,5.0,5.0,1.0
0.0,286.0,388.0104540631961,92660.0,7.0,4110.0,3.0,4.0,1.0
1.0,147.0,461.8858167999991,65372.0,38.0,1893.0,6.0,5.0,0.0
1.0,331.0,452.24638974182574,75622.0,15.0,3945.0,7.0,5.0,0.0
1.0,212.0,324.1374715226513,13265.0,23.0,8433.0,5.0,6.0,0.0
1.0,47.0,250.83221178316103,95010.0,92.0,3686.0,6.0,6.0,0.0
0.0,59.0,706.5204831432478,93109.0,47.0,2397.0,5.0,6.0,1.0
0.0,194.0,550.7955397235334,15754.0,99.0,3799.0,3.0,5.0,0.0
0.0,75.0,179.6878979085954,16725.0,54.0,6047.0,3.0,6.0,1.0
1.0,321.0,181.51533034023947,27245.0,26.0,1057.0,5.0,3.0,0.0
1.0,255.0,855.5556453626126,81237.0,1.0,9084.0,2.0,2.0,1.0
1.0,210.0,442.433486136239,88802.0,77.0,1107.0,2.0,5.0,1.0
0.0,26.0,185.65514738193087,17217.0,84.0,6718.0,1.0,2.0,0.0
1.0,170.0,920.4643135712666,16426.0,14.0,7831.0,2.0,2.0,1.0
0.0,234.0,749.5854742183337,57210.0,5.0,2525.0,7.0,3.0,1.0
1.0,195.0,820.4444775402471,66010.0,71.0,2063.0,3.0,4.0,0.0
0.0,356.0,859.548533120335,53150.0,68.0,7779.0,5.0,2.0,0.0
0.0,56.0,571.7957084402351,92441.0,68.0,2436.0,4.0,6.0,1.0
1.0,312.0,847.950171881706,44034.0,68.0,6797.0,2.0,5.0,1.0
1.0,253.0,808.1723795810886,89876.0,30.0,5759.0,2.0,1.0,0.0
0.0,239.0,625.8352816472635,25456.0,95.0,4396.0,7.0,5.0,1.0
1.0,24.0,334.4584646768897,83454.0,82.0,4478.0,1.0,6.0,0.0
1.0,131.0,790.4053073433654,50340.0,39.0,9301.0,5.0,3.0,0.0
0.0,352.0,333.9496075885014,61910.0,93.0,1477.0,7.0,2.0,0.0
1.0,174.0,922.3574854865706,72797.0,61.0,1582.0,6.0,2.0,1.0
0.0,322.0,461.1573184070457,80381.0,43.0,8577.0,7.0,4.0,0.0
1.0,290.0,725.2391901949005,51353.0,72.0,9779.0,1.0,2.0,1.0
1.0,34.0,969.6436791431576,46760.0,4.0,6556.0,4.0,6.0,0.0
1.0,96.0,595.5966751629694,50407.0,91.0,6152.0,6.0,1.0,1.0
1.0,45.0,497.55737996229294,41148.0,48.0,8404.0,7.0,3.0,0.0
1.0,90.0,113.11904099465505,14901.0,100.0,4311.0,1.0,4.0,0.0
1.0,257.0,154.92369941638006,54579.0,62.0,9579.0,3.0,3.0,0.0
0.0,265.0,677.0405714491577,27395.0,27.0,1598.0,4.0,4.0,0.0
0.0,160.0,932.4050066768074,87894.0,12.0,6460.0,4.0,1.0,0.0
1.0,12.0,577.9822745750496,50913.0,82.0,4438.0,3.0,2.0,0.0
1.0,142.0,532.7435299592512,67817.0,86.0,2927.0,3.0,2.0,0.0
1.0,59.0,16.24146077289987,91650.0,72.0,9422.0,1.0,2.0,1.0
1.0,139.0,142.41527196269132,47128.0,74.0,5011.0,2.0,1.0,1.0
1.0,277.0,444.2039907028932,27049.0,4.0,8712.0,6.0,1.0,0.0
1.0,28.0,87.0334608855789,61369.0,23.0,8304.0,5.0,3.0,1.0
1.0,102.0,713.1857860434363,97932.0,69.0,2286.0,7.0,4.0,0.0
0.0,358.0,468.8076294747422,69714.0,40.0,8625.0,4.0,2.0,0.0
0.0,316.0,258.79471290818407,57638.0,51.0,4004.0,6.0,6.0,1.0
1.0,233.0,488.0192258375426,18567.0,61.0,2849.0,3.0,4.0,1.0
0.0,145.0,768.1735732500763,89225.0,74.0,3087.0,5.0,1.0,1.0
0.0,167.0,556.5937102347758,19296.0,39.0,9728.0,4.0,4.0,1.0
0.0,318.0,244.4473699882706,30843.0,62.0,7288.0,1.0,3.0,0.0
1.0,223.0,567.6439830477494,54852.0,70.0,4869.0,2.0,6.0,0.0
1.0,59.0,592.57097194701,70674.0,42.0,2599.0,7.0,4.0,0.0
1.0,208.0,70.53802719459624,24253.0,88.0,7208.0,3.0,4.0,0.0
0.0,112.0,817.21655633135,86122.0,97.0,1003.0,7.0,2.0,0.0
1.0,273.0,292.2117502510002,90684.0,74.0,8326.0,2.0,2.0,1.0
1.0,292.0,794.5523130691874,99071.0,39.0,8122.0,6.0,3.0,0.0
0.0,314.0,986.4352268421162,62978.0,17.0,5819.0,1.0,3.0,0.0
0.0,361.0,560.4702275986413,57086.0,15.0,5623.0,7.0,1.0,0.0
1.0,360.0,590.5737107088719,91948.0,41.0,7271.0,4.0,4.0,1.0
0.0,340.0,174.23669615683363,28228.0,25.0,7301.0,7.0,3.0,1.0
0.0,148.0,997.4585869674604,97826.0,17.0,3200.0,1.0,1.0,0.0
0.0,250.0,658.2687701158104,27796.0,11.0,3248.0,6.0,4.0,1.0
1.0,320.0,180.61757972046703,76770.0,55.0,8373.0,4.0,3.0,0.0
0.0,218.0,604.96868406551,85751.0,64.0,4878.0,6.0,5.0,1.0
1.0,280.0,576.776000794791,14385.0,5.0,8917.0,6.0,3.0,0.0
1.0,354.0,80.98304258246263,78997.0,97.0,5578.0,4.0,5.0,0.0
0.0,126.0,472.979120776297,96997.0,86.0,2279.0,6.0,6.0,1.0
0.0,176.0,535.4982283543691,11413.0,61.0,8438.0,5.0,4.0,1.0
1.0,181.0,960.620721174648,48616.0,38.0,3744.0,1.0,6.0,1.0
1.0,32.0,629.6707539088083,85778.0,22.0,1845.0,6.0,3.0,0.0
1.0,249.0,83.42765664826709,76269.0,10.0,5552.0,3.0,2.0,1.0
1.0,132.0,15.188807053027569,24621.0,78.0,3860.0,5.0,6.0,0.0
1.0,190.0,808.0328506322501,44242.0,90.0,4869.0,4.0,2.0,0.0
1.0,44.0,967.3782880598692,88059.0,20.0,9125.0,7.0,4.0,1.0
0.0,339.0,440.7448233833394,93568.0,22.0,4454.0,5.0,6.0,1.0
0.0,329.0,265.13110042161077,25203.0,7.0,3745.0,4.0,4.0,1.0
1.0,244.0,746.4043948449456,79798.0,30.0,7222.0,6.0,6.0,1.0
1.0,135.0,146.0046811246252,66981.0,2.0,5731.0,7.0,4.0,1.0
1.0,272.0,683.193434602878,15376.0,13.0,9704.0,6.0,3.0,1.0
1.0,172.0,271.0557910637611,22881.0,33.0,7408.0,4.0,6.0,0.0
0.0,267.0,338.0691964778336,33582.0,41.0,9972.0,1.0,6.0,0.0
0.0,7.0,411.8375178471286,78847.0,14.0,8306.0,3.0,2.0,1.0
1.0,99.0,35.00772076604337,91185.0,12.0,1931.0,5.0,6.0,0.0
0.0,363.0,957.8375423986996,21322.0,78.0,3128.0,4.0,6.0,0.0
0.0,357.0,185.07872984619732,48609.0,60.0,2240.0,6.0,4.0,1.0
1.0,355.0,903.4881013774246,52389.0,33.0,3653.0,7.0,1.0,1.0
0.0,196.0,389.2018373036539,17872.0,34.0,5336.0,2.0,4.0,0.0
1.0,103.0,610.6915830689803,33388.0,83.0,9061.0,1.0,2.0,1.0
0.0,315.0,643.6948288019258,67878.0,92.0,5243.0,1.0,1.0,0.0
0.0,293.0,727.8176063399445,68442.0,3.0,9154.0,2.0,6.0,0.0
0.0,341.0,391.09333711244193,29871.0,90.0,6403.0,4.0,5.0,0.0
1.0,245.0,436.62160979590436,19188.0,70.0,4700.0,1.0,4.0,1.0
0.0,291.0,535.7687724091644,57044.0,43.0,5961.0,4.0,1.0,0.0
1.0,274.0,853.4887362566933,54572.0,11.0,8530.0,7.0,3.0,0.0
0.0,284.0,40.29185141284345,60353.0,85.0,4129.0,3.0,6.0,1.0
0.0,323.0,689.1537398167093,73766.0,11.0,8175.0,6.0,2.0,0.0
0.0,99.0,26.339240878964073,87718.0,31.0,9015.0,4.0,1.0,1.0
1.0,274.0,964.9888921485546,68891.0,3.0,1606.0,3.0,1.0,1.0
0.0,208.0,119.06892161418858,95701.0,86.0,9570.0,4.0,6.0,0.0
0.0,37.0,37.840789755614516,28558.0,63.0,1312.0,4.0,5.0,0.0
0.0,360.0,649.1376326934039,11882.0,23.0,1818.0,3.0,1.0,1.0
0.0,303.0,64.8936577139971,23937.0,15.0,9145.0,5.0,5.0,0.0
0.0,104.0,426.78525247429127,98918.0,52.0,6312.0,1.0,6.0,0.0
1.0,110.0,764.463654484905,87736.0,23.0,6496.0,1.0,1.0,1.0
0.0,213.0,168.88280228226995,58487.0,71.0,3703.0,4.0,2.0,0.0
0.0,52.0,791.2612433248709,92863.0,79.0,7162.0,7.0,2.0,0.0
1.0,42.0,7.343228975063336,33516.0,12.0,5648.0,4.0,6.0,1.0
0.0,106.0,143.94477337737288,45513.0,67.0,8379.0,4.0,2.0,0.0
0.0,306.0,180.8204665145393,75521.0,79.0,2442.0,6.0,3.0,1.0
1.0,3.0,558.152693066026,35153.0,16.0,9686.0,1.0,5.0,1.0
0.0,238.0,770.5609518277479,96419.0,27.0,5528.0,1.0,2.0,0.0
0.0,351.0,843.9379128411804,72182.0,64.0,3888.0,2.0,6.0,0.0
0.0,331.0,364.8288760094304,37471.0,56.0,5118.0,3.0,5.0,1.0
0.0,54.0,740.676467928321,80432.0,23.0,3589.0,7.0,1.0,1.0
0.0,37.0,895.1840957258979,68303.0,76.0,6340.0,4.0,2.0,1.0
0.0,57.0,326.8060924824646,22853.0,31.0,7759.0,7.0,2.0,1.0
0.0,38.0,471.5192695744869,73492.0,7.0,8141.0,2.0,2.0,1.0
0.0,199.0,374.11159683218744,69996.0,93.0,4181.0,6.0,3.0,1.0
0.0,172.0,128.08455292927093,84536.0,8.0,5597.0,2.0,1.0,1.0
1.0,215.0,172.03011540010002,55033.0,29.0,5835.0,5.0,2.0,0.0
0.0,45.0,412.2844462403415,78389.0,63.0,4546.0,5.0,4.0,1.0
1.0,8.0,730.2877368903328,42329.0,32.0,6362.0,4.0,5.0,0.0
0.0,294.0,898.3535425221361,64758.0,6.0,1656.0,4.0,6.0,0.0
1.0,272.0,394.9258361145113,22844.0,58.0,9114.0,2.0,1.0,0.0
1.0,112.0,133.57928978686985,48769.0,31.0,2486.0,1.0,4.0,1.0
0.0,361.0,459.8235539128198,84760.0,96.0,1399.0,4.0,4.0,0.0
1.0,95.0,790.0688540762682,58551.0,81.0,8607.0,6.0,6.0,0.0
0.0,198.0,893.5410058353832,53634.0,68.0,1535.0,3.0,4.0,1.0
0.0,351.0,81.87808252747917,54000.0,95.0,1898.0,5.0,6.0,1.0
0.0,57.0,383.57204008270253,70994.0,80.0,1669.0,3.0,3.0,0.0
